"Gene","Module"
"AFFX-HUMISGF3A/M97935_3_at","lightcyan"
"AFFX-HUMGAPDH/M33197_5_at","lightcyan1"
"AFFX-HUMGAPDH/M33197_3_at","brown"
"AFFX-HSAC07/X00351_5_at","green"
"AFFX-HSAC07/X00351_3_at","lightcyan1"
"AFFX-HUMTFRR/M11507_5_at","blue"
"AFFX-M27830_M_at","green"
"AFFX-M27830_3_at","green"
"AFFX-HSAC07/X00351_3_st","green"
"AFFX-HSAC07/X00351_M_st","green"
"A28102_at","orange"
"AB000115_at","green"
"AB000449_at","salmon"
"AB000450_at","lightcyan"
"AB000460_at","green"
"AB000464_at","lightcyan"
"AB000905_at","lightsteelblue1"
"AB001106_at","salmon4"
"AB001325_at","green"
"AB002318_at","lightsteelblue1"
"AB002382_at","green"
"AB002559_at","lightsteelblue1"
"AB003102_at","green"
"AB003177_at","lightcyan1"
"AB004884_at","darkolivegreen"
"AB006190_at","red"
"AC000064_cds1_at","orange"
"AC000064_cds2_at","mediumpurple3"
"AC002115_cds1_at","antiquewhite4"
"AC002115_cds3_at","green"
"AC002115_rna2_at","green"
"AC002486_at","lightcyan"
"AD001527_cds1_at","coral1"
"AF000562_at","green"
"AF002224_at","antiquewhite4"
"AF002700_at","brown4"
"AF005775_at","green"
"AF006041_at","mediumpurple3"
"AF006084_at","darkorange"
"AF006087_at","darkmagenta"
"AF007111_at","mediumpurple3"
"AF007875_at","antiquewhite4"
"AF008937_at","blue"
"AF009368_at","yellowgreen"
"AF015910_at","lightcyan"
"AJ000480_at","orange"
"AJ001421_at","green"
"D00596_at","green"
"D00632_at","lightcyan"
"D00726_at","blue"
"D00760_at","brown4"
"D00761_at","tan"
"D00762_at","green"
"D00763_at","lightcyan"
"D11086_at","darkgrey"
"D13118_at","green"
"D13315_at","brown4"
"D13370_at","green"
"D13540_at","green"
"D13627_at","lightcyan"
"D13630_at","green"
"D13634_at","green"
"D13641_at","lightcyan"
"D13748_at","red"
"D13897_rna2_at","darkorange"
"D13900_at","darkgrey"
"D13988_at","green"
"D14043_at","antiquewhite4"
"D14446_at","grey"
"D14530_at","brown"
"D14657_at","grey"
"D14658_at","lightcyan"
"D14661_at","green"
"D14662_at","salmon"
"D14663_at","tan"
"D14694_at","green"
"D14710_at","lightcyan"
"D14811_at","green"
"D14812_at","brown"
"D14878_at","green"
"D14889_at","green"
"D15050_at","darkslateblue"
"D15057_at","lightcyan"
"D16217_at","darkmagenta"
"D16562_at","green"
"D16581_at","tan"
"D17716_at","lightsteelblue1"
"D21089_at","green"
"D21090_at","lightcyan"
"D21260_at","antiquewhite4"
"D21261_at","blue"
"D21851_at","green"
"D21852_at","lightcyan"
"D21853_at","green"
"D23660_at","lightcyan1"
"D23662_at","lightcyan"
"D23673_at","lightcyan1"
"D25216_at","grey"
"D25218_at","grey"
"D25248_at","tan"
"D25274_at","green"
"D25278_at","green"
"D25547_at","lightcyan1"
"D26067_at","salmon"
"D26068_at","lightcyan"
"D26069_at","green"
"D26308_at","blue"
"D26362_at","salmon"
"D26528_at","green"
"D26579_at","lightcyan1"
"D26598_at","lightcyan"
"D26599_at","lightsteelblue1"
"D26600_at","green"
"D28114_at","antiquewhite4"
"D28118_at","antiquewhite4"
"D28124_at","orange"
"D28137_at","darkorange"
"D28364_at","brown4"
"D28383_at","green"
"D28416_at","mediumorchid"
"D28476_at","lightcyan1"
"D28483_at","darkmagenta"
"D28588_at","lightsteelblue1"
"D28915_at","lightsteelblue1"
"D29012_at","green"
"D29013_at","lightcyan1"
"D29954_at","violet"
"D29956_at","paleturquoise"
"D29963_at","brown4"
"D30036_at","lavenderblush3"
"D30655_at","green"
"D30758_at","tan"
"D31716_at","palevioletred3"
"D31765_at","green"
"D31766_at","darkslateblue"
"D31767_at","lightcyan1"
"D31784_at","darkolivegreen"
"D31797_at","grey"
"D31846_at","antiquewhite4"
"D31884_at","darkgrey"
"D31885_at","green"
"D31888_at","antiquewhite4"
"D31890_at","lightcyan"
"D31891_at","green"
"D32001_at","blue"
"D32202_at","violet"
"D37931_at","green"
"D38047_at","antiquewhite4"
"D38048_at","green"
"D38076_at","antiquewhite4"
"D38145_at","lightcyan"
"D38491_at","brown"
"D38521_at","green"
"D38524_at","lightcyan"
"D38535_at","green"
"D38548_at","violet"
"D38549_at","green"
"D38550_at","lavenderblush3"
"D38551_at","green"
"D38552_at","orange"
"D42041_at","red"
"D42043_at","lightcyan"
"D42046_at","green"
"D42063_at","coral1"
"D42084_at","lightpink4"
"D42085_at","lightsteelblue1"
"D42087_at","darkgrey"
"D42123_at","green"
"D42138_at","lightcyan"
"D43642_at","green"
"D43767_at","green"
"D43948_at","mediumpurple3"
"D43949_at","green"
"D43951_at","darkolivegreen"
"D45248_at","red"
"D45371_at","red"
"D49400_at","lightcyan1"
"D49410_at","lightsteelblue1"
"D49489_at","lightcyan"
"D49738_at","darkgrey"
"D49950_at","green"
"D49958_at","green"
"D50063_at","mediumorchid"
"D50310_at","salmon"
"D50525_at","antiquewhite4"
"D50663_at","lightcyan"
"D50857_at","blue"
"D50911_at","green"
"D50912_at","blue"
"D50917_at","green"
"D50924_at","green"
"D50926_at","antiquewhite4"
"D50927_at","lightcyan"
"D50928_at","darkmagenta"
"D50930_at","antiquewhite4"
"D55654_at","lightcyan"
"D55716_at","brown4"
"D56495_at","darkgrey"
"D61380_at","green"
"D63476_at","blue"
"D63478_at","blue"
"D63481_at","grey"
"D63485_at","green"
"D63506_at","green"
"D63851_at","green"
"D63874_at","yellowgreen"
"D63875_at","green"
"D63876_at","lightcyan"
"D63877_at","green"
"D63878_at","grey"
"D63879_at","green"
"D63881_at","darkorange"
"D64110_at","paleturquoise"
"D64142_at","darkolivegreen"
"D64154_at","coral1"
"D64158_at","green"
"D78012_at","green"
"D78014_at","green"
"D78129_at","yellowgreen"
"D78134_at","green"
"D78151_at","antiquewhite4"
"D78275_at","green"
"D78361_at","blue"
"D78367_at","lightcyan"
"D79205_at","darkmagenta"
"D79986_at","brown4"
"D79991_at","green"
"D79992_at","green"
"D79993_at","green"
"D79994_at","brown4"
"D79996_at","antiquewhite4"
"D79999_at","coral1"
"D80002_at","green"
"D80004_at","lightcyan"
"D80005_at","lightcyan"
"D80006_at","lightcyan"
"D80007_at","green"
"D80008_at","green"
"D80012_at","green"
"D82070_at","green"
"D83004_at","mediumorchid"
"D83018_at","green"
"D83243_at","lightcyan"
"D83407_at","lightcyan"
"D83542_at","green"
"D83776_at","lavenderblush3"
"D83778_at","darkolivegreen"
"D83779_at","grey"
"D84110_at","green"
"D84294_at","darkgrey"
"D84307_at","lightpink4"
"D84557_at","brown4"
"D85245_at","green"
"D85376_at","green"
"D85433_at","brown4"
"D85527_at","brown4"
"D85758_at","mediumpurple3"
"D85815_at","darkorange2"
"D86479_at","green"
"D86519_at","brown4"
"D86962_at","green"
"D86963_at","mediumorchid"
"D86964_at","paleturquoise"
"D86965_at","lightsteelblue1"
"D86966_at","lightcyan"
"D86967_at","lightcyan"
"D86972_at","blue"
"D86976_at","lightsteelblue1"
"D86977_at","antiquewhite4"
"D86978_at","lightsteelblue1"
"D86979_at","darkolivegreen"
"D86982_at","lightcyan"
"D86983_at","mediumpurple3"
"D87023_cds2_at","green"
"D87024_at","green"
"D87073_at","green"
"D87127_at","lightcyan"
"D87258_at","lightcyan1"
"D87434_at","green"
"D87437_at","grey"
"D87438_at","green"
"D87442_at","green"
"D87445_at","green"
"D87446_at","darkolivegreen"
"D87447_at","red"
"D87450_at","lightcyan"
"D87451_at","paleturquoise"
"D87453_at","lightcyan"
"D87455_at","lavenderblush3"
"D87460_at","green"
"D87462_at","violet"
"D87466_at","brown"
"D87467_at","palevioletred3"
"D87469_at","lightcyan"
"D87684_at","lightpink4"
"D87735_at","salmon4"
"D87953_at","darkslateblue"
"D87989_at","darkmagenta"
"D88213_at","green"
"D88613_at","darkslateblue"
"D89016_at","grey"
"D89077_at","darkmagenta"
"D89667_at","antiquewhite4"
"D90086_at","grey"
"D90209_at","lightcyan1"
"D90276_at","green"
"HG1071-HT1071_at","green"
"HG1078-HT1078_at","green"
"HG1102-HT1102_at","lightcyan1"
"HG1112-HT1112_at","mediumpurple3"
"HG1116-HT1116_at","green"
"HG1153-HT1153_at","green"
"HG1155-HT4822_at","green"
"HG1602-HT1602_at","red"
"HG1612-HT1612_at","lightcyan"
"HG1649-HT1652_at","blue"
"HG172-HT3924_at","lightpink4"
"HG1723-HT1729_at","lightcyan"
"HG1800-HT1823_at","brown"
"HG1804-HT1829_at","darkorange"
"HG1828-HT1857_at","darkslateblue"
"HG1862-HT1897_at","honeydew1"
"HG1869-HT1904_at","darkorange"
"HG1872-HT1907_at","lightcyan"
"HG1879-HT1919_at","darkmagenta"
"HG2028-HT2082_at","blue"
"HG2059-HT2114_at","brown4"
"HG2167-HT2237_at","coral1"
"HG2279-HT2375_at","red"
"HG2280-HT2376_at","green"
"HG2290-HT2386_at","darkgrey"
"HG2320-HT2416_at","green"
"HG2325-HT2421_at","green"
"HG2415-HT2511_at","antiquewhite4"
"HG2442-HT2538_at","lightcyan"
"HG2463-HT2559_at","salmon"
"HG2480-HT2576_at","green"
"HG2525-HT2621_at","green"
"HG2538-HT2634_at","antiquewhite4"
"HG2566-HT4867_at","green"
"HG2614-HT2710_at","blue"
"HG2668-HT2764_at","red"
"HG2715-HT2811_at","lightcyan"
"HG2788-HT2896_at","darkmagenta"
"HG2810-HT2921_at","green"
"HG2855-HT2995_at","green"
"HG2873-HT3017_at","brown"
"HG2874-HT3018_at","grey"
"HG311-HT311_at","brown4"
"HG3162-HT3339_at","green"
"HG3175-HT3352_at","lightsteelblue1"
"HG3214-HT3391_at","brown"
"HG3254-HT3431_at","tan"
"HG3255-HT3432_at","green"
"HG33-HT33_at","brown"
"HG3355-HT3532_at","green"
"HG3364-HT3541_at","brown"
"HG3454-HT3647_at","coral1"
"HG3492-HT3686_at","brown"
"HG3514-HT3708_at","lightsteelblue1"
"HG3521-HT3715_at","lightcyan1"
"HG3549-HT3751_at","brown"
"HG3566-HT3769_at","antiquewhite4"
"HG3578-HT3781_at","green"
"HG358-HT358_at","lightsteelblue1"
"HG363-HT363_at","grey"
"HG37-HT37_at","lightcyan"
"HG3740-HT4010_at","lightcyan"
"HG384-HT384_at","green"
"HG3971-HT4241_at","lightcyan"
"HG3994-HT4264_at","lightsteelblue1"
"HG4018-HT4288_at","red"
"HG4036-HT4306_at","green"
"HG406-HT406_at","blue"
"HG4073-HT4343_at","antiquewhite4"
"HG4074-HT4344_at","salmon"
"HG4102-HT4372_at","brown4"
"HG4114-HT4384_at","green"
"HG4157-HT4427_at","green"
"HG4167-HT4437_at","paleturquoise"
"HG4185-HT4455_at","green"
"HG4243-HT4513_at","green"
"HG4272-HT4542_at","green"
"HG4297-HT4567_at","antiquewhite4"
"HG4319-HT4589_at","brown"
"HG4332-HT4602_at","green"
"HG4336-HT4606_at","green"
"HG4533-HT4938_at","green"
"HG4542-HT4947_at","mediumpurple3"
"HG4606-HT5011_at","green"
"HG4660-HT5073_at","green"
"HG4704-HT5146_at","brown4"
"HG4716-HT5158_at","antiquewhite4"
"HG613-HT613_at","brown"
"HG620-HT620_at","darkmagenta"
"HG662-HT662_at","darkorange"
"HG821-HT821_at","brown"
"HG830-HT830_at","green"
"HG846-HT846_at","blue"
"HG908-HT908_at","salmon"
"HG919-HT919_at","blue"
"HG960-HT960_at","blue"
"J00073_at","lavenderblush3"
"J00124_at","antiquewhite4"
"J00129_at","antiquewhite4"
"J00306_at","violet"
"J02611_at","green"
"J02883_at","green"
"J02888_at","green"
"J02902_at","green"
"J02906_at","green"
"J02923_at","lightsteelblue1"
"J02943_at","lightcyan"
"J02963_at","blue"
"J03069_rna1_at","green"
"J03133_at","green"
"J03161_at","green"
"J03191_at","blue"
"J03278_at","darkolivegreen"
"J03459_at","lightsteelblue1"
"J03473_at","lightcyan"
"J03592_at","green"
"J03756_at","red"
"J03764_at","green"
"J03779_at","green"
"J03798_at","lightcyan"
"J03827_at","green"
"J03930_at","green"
"J04040_at","lightcyan"
"J04058_at","antiquewhite4"
"J04088_at","blue"
"J04111_at","green"
"J04162_at","brown4"
"J04173_at","darkorange"
"J04177_at","green"
"J04456_at","lightcyan1"
"J04543_at","blue"
"J04599_at","darkorange2"
"J04605_at","lightsteelblue1"
"J04611_at","green"
"J04794_at","blue"
"J04823_rna1_at","green"
"J04948_at","green"
"J04973_at","green"
"J04988_at","antiquewhite4"
"J04990_at","lightcyan1"
"J05032_at","lightcyan"
"J05249_at","darkslateblue"
"J05272_at","lightcyan"
"J05500_at","blue"
"J05556_at","lightsteelblue1"
"K01383_at","lightsteelblue1"
"K01396_at","lightcyan1"
"K02574_at","salmon"
"K03008_cds2_at","lightpink4"
"K03195_at","blue"
"K03430_at","coral1"
"K03460_at","brown4"
"K03515_at","darkmagenta"
"L00352_at","yellowgreen"
"L00635_at","green"
"L00972_at","darkmagenta"
"L02426_at","green"
"L03532_at","lightsteelblue1"
"L03785_at","green"
"L04953_at","green"
"L05148_at","green"
"L05425_at","green"
"L05512_at","lightcyan1"
"L05568_at","green"
"L05779_at","blue"
"L06132_at","lightcyan"
"L06499_at","brown"
"L06505_at","yellowgreen"
"L07033_at","darkolivegreen"
"L07493_at","lightpink4"
"L07541_at","yellowgreen"
"L07548_at","lightcyan"
"L07633_at","paleturquoise"
"L07758_at","green"
"L07765_at","red"
"L08187_at","lightcyan"
"L08246_at","orange"
"L08666_at","green"
"L09190_rna1_at","lavenderblush3"
"L09235_at","antiquewhite4"
"L09260_at","green"
"L09604_at","green"
"L10123_at","salmon"
"L10284_at","lightsteelblue1"
"L10378_at","antiquewhite4"
"L10838_at","darkorange2"
"L10910_at","darkolivegreen"
"L11285_at","darkslateblue"
"L11370_at","green"
"L11373_at","salmon"
"L11566_at","darkorange2"
"L12168_at","paleturquoise"
"L12392_at","lightcyan"
"L12468_at","green"
"L12535_at","antiquewhite4"
"L13434_at","paleturquoise"
"L13689_at","lightcyan"
"L13761_rna1_at","salmon4"
"L13848_at","blue"
"L13852_at","darkgrey"
"L13923_at","brown4"
"L13972_at","lightcyan"
"L14076_at","paleturquoise"
"L14812_at","green"
"L14813_at","lightsteelblue1"
"L14856_at","green"
"L15409_at","green"
"L15702_at","lightcyan"
"L16464_at","green"
"L16782_at","palevioletred3"
"L16842_at","green"
"L16895_at","green"
"L17131_rna1_at","brown4"
"L17328_at","darkslateblue"
"L18960_at","green"
"L18972_at","lightcyan"
"L18983_at","darkslateblue"
"L19067_at","mediumorchid"
"L19161_at","green"
"L19183_at","lightcyan"
"L19401_at","blue"
"L19437_at","green"
"L19527_at","brown"
"L19605_at","blue"
"L19779_at","mediumorchid"
"L20010_at","darkgrey"
"L20298_at","green"
"L20316_at","green"
"L20320_at","antiquewhite4"
"L20773_at","green"
"L20815_at","green"
"L20826_at","green"
"L20861_at","lightcyan"
"L20941_at","darkgrey"
"L21893_at","green"
"L21936_at","lightcyan"
"L22009_at","lightcyan"
"L22342_at","green"
"L22343_at","green"
"L24559_at","green"
"L24804_at","green"
"L25080_at","lightsteelblue1"
"L25119_at","antiquewhite4"
"L25851_at","green"
"L25876_at","brown4"
"L26247_at","green"
"L27476_at","antiquewhite4"
"L27586_at","lavenderblush3"
"L27706_at","lightcyan"
"L27841_at","green"
"L27943_at","lightcyan"
"L28010_at","green"
"L29008_at","red"
"L29218_at","green"
"L29277_at","green"
"L31584_at","lightcyan"
"L31801_at","brown"
"L32977_at","antiquewhite4"
"L33801_at","red"
"L33842_rna1_at","lightcyan"
"L33881_at","green"
"L34060_at","green"
"L34075_at","green"
"L34587_at","salmon"
"L34820_at","red"
"L36151_at","green"
"L36531_at","green"
"L36818_at","lightcyan"
"L36922_at","tan"
"L37033_at","tan"
"L37042_at","tan"
"L37043_at","coral1"
"L37368_at","brown4"
"L37792_at","lightsteelblue1"
"L37936_at","green"
"L38486_at","green"
"L38503_at","green"
"L38616_at","darkorange"
"L38707_at","green"
"L38932_at","salmon"
"L38935_at","green"
"L38941_at","brown"
"L39061_at","grey"
"L39874_at","tan"
"L40027_at","lightsteelblue1"
"L40357_at","tan"
"L40391_at","blue"
"L40392_at","green"
"L40394_at","green"
"L40395_at","green"
"L40400_at","antiquewhite4"
"L40401_at","lightcyan"
"L40410_at","brown"
"L40411_at","mediumpurple3"
"L40586_at","antiquewhite4"
"L41067_at","antiquewhite4"
"L41690_at","green"
"L41887_rna1_at","antiquewhite4"
"L42025_rna1_at","lightcyan"
"L42324_at","salmon"
"L42373_at","green"
"L42542_at","brown4"
"L42563_at","green"
"L42572_at","lightcyan"
"L42621_at","coral1"
"L43366_at","tan"
"L43631_at","green"
"L47345_at","lavenderblush3"
"L48728_cds1_at","brown4"
"L49169_at","brown4"
"L76159_at","green"
"L76191_at","darkmagenta"
"L76224_at","lightcyan"
"L76380_at","green"
"L76703_at","green"
"L77561_at","lightcyan"
"L77730_at","darkorange"
"L78440_at","red"
"M10014_cds1_at","green"
"M10612_at","lightcyan"
"M10901_at","salmon"
"M11119_at","lightcyan"
"M11147_at","lightcyan"
"M11353_at","lightcyan"
"M11726_at","green"
"M12174_at","lightcyan"
"M13149_at","blue"
"M13194_at","blue"
"M13450_at","lightcyan"
"M13666_at","salmon4"
"M13792_at","lightcyan1"
"M13934_cds2_at","brown"
"M14016_at","lightsteelblue1"
"M14123_xpt2_at","lavenderblush3"
"M14158_cds4_at","lightcyan"
"M14219_at","darkgrey"
"M14676_at","green"
"M14764_at","green"
"M15059_at","lightpink4"
"M15182_at","lightcyan"
"M15205_at","darkgrey"
"M15661_at","green"
"M15990_at","green"
"M16038_at","yellowgreen"
"M16282_at","green"
"M16405_at","antiquewhite4"
"M16447_at","lightcyan"
"M16961_at","darkolivegreen"
"M17262_at","green"
"M17733_at","green"
"M17885_at","brown"
"M17886_at","brown"
"M18000_at","brown"
"M18737_rna1_at","green"
"M19283_at","green"
"M19483_at","lightcyan"
"M19645_at","lightcyan"
"M19720_rna1_at","green"
"M19722_at","honeydew1"
"M19961_at","lightcyan"
"M20137_at","brown4"
"M20471_at","lavenderblush3"
"M20902_at","blue"
"M21154_at","lightcyan"
"M21259_at","yellowgreen"
"M21812_at","lightcyan"
"M21985_at","lightcyan"
"M22382_at","green"
"M22490_at","darkgrey"
"M22538_at","antiquewhite4"
"M22760_at","lightcyan"
"M22877_at","green"
"M22976_at","honeydew1"
"M22995_at","green"
"M23114_at","lavenderblush3"
"M23161_at","lightcyan"
"M23197_at","lightsteelblue1"
"M23254_at","yellowgreen"
"M23613_at","lightcyan"
"M24194_at","brown"
"M24248_at","green"
"M24439_at","green"
"M24470_at","lightsteelblue1"
"M25164_at","green"
"M25269_at","green"
"M26576_cds2_at","green"
"M26683_at","green"
"M26880_at","green"
"M27543_at","green"
"M28209_at","green"
"M28212_at","darkorange2"
"M28713_at","green"
"M28879_at","green"
"M28983_at","green"
"M29064_at","salmon"
"M29204_at","green"
"M29536_at","tan"
"M29581_at","green"
"M29696_at","green"
"M29877_at","palevioletred3"
"M29960_at","lightcyan"
"M30818_at","green"
"M30894_at","salmon4"
"M30938_at","green"
"M31013_at","lightsteelblue1"
"M31158_at","antiquewhite4"
"M31303_rna1_at","lightcyan"
"M31328_at","antiquewhite4"
"M31520_at","brown"
"M31525_at","antiquewhite4"
"M31627_at","lightcyan"
"M31642_at","green"
"M31659_at","violet"
"M31994_at","lightsteelblue1"
"M32313_at","brown4"
"M32315_at","lightcyan1"
"M32405_at","brown4"
"M33308_at","lightsteelblue1"
"M33336_at","lightcyan"
"M33521_at","darkslateblue"
"M33680_at","green"
"M33764_at","grey"
"M33987_at","mediumorchid"
"M34079_at","green"
"M34175_at","orange"
"M34182_at","green"
"M34192_at","red"
"M34455_at","lavenderblush3"
"M34667_at","lightsteelblue1"
"M35878_at","coral1"
"M36089_at","lightcyan"
"M36341_at","tan"
"M37033_at","yellowgreen"
"M37104_at","green"
"M37190_at","lightpink4"
"M37197_at","blue"
"M37245_at","green"
"M37435_at","lightcyan"
"M37583_at","green"
"M37721_at","darkorange2"
"M37766_at","green"
"M37984_rna1_at","lightcyan"
"M54995_at","green"
"M55040_at","lightcyan"
"M55047_at","darkolivegreen"
"M55067_at","darkmagenta"
"M55150_at","blue"
"M55265_at","brown4"
"M55268_at","green"
"M55593_at","lightsteelblue1"
"M55671_at","green"
"M57567_at","green"
"M58028_at","red"
"M58285_at","mediumorchid"
"M58583_at","green"
"M58603_at","lightcyan"
"M59465_at","orange"
"M59807_at","green"
"M59830_at","coral1"
"M60091_at","green"
"M60165_cds1_at","green"
"M60527_at","lightsteelblue1"
"M60854_at","brown"
"M60858_rna1_at","antiquewhite4"
"M60922_at","grey"
"M61199_at","antiquewhite4"
"M61906_at","brown4"
"M62486_at","blue"
"M62783_at","brown4"
"M62831_at","green"
"M62994_at","darkorange"
"M63138_at","salmon4"
"M63167_at","green"
"M63175_at","green"
"M63180_at","brown4"
"M63262_at","lightcyan1"
"M63379_at","darkorange2"
"M63483_at","grey"
"M63582_at","lightcyan1"
"M63623_at","green"
"M63959_at","lightcyan"
"M64098_at","lightcyan"
"M64108_at","green"
"M64174_at","green"
"M64571_at","green"
"M64590_at","blue"
"M64716_at","brown"
"M64925_at","blue"
"M64992_at","brown4"
"M65131_rna1_at","brown4"
"M65217_at","violet"
"M65254_at","lightsteelblue1"
"M68520_at","darkorange"
"M68891_at","lightpink4"
"M68941_at","palevioletred3"
"M69023_at","green"
"M69039_at","green"
"M69043_at","green"
"M69066_at","green"
"M73047_at","lightsteelblue1"
"M73720_at","lightpink4"
"M73780_at","coral1"
"M74002_at","brown4"
"M74099_at","green"
"M74491_at","red"
"M74524_at","orange"
"M74719_at","grey"
"M74826_at","darkorange"
"M75099_at","antiquewhite4"
"M75126_at","blue"
"M76482_at","antiquewhite4"
"M76766_at","darkgrey"
"M77232_rna1_at","darkmagenta"
"M77836_at","red"
"M79462_at","red"
"M80244_at","darkgrey"
"M80333_at","salmon"
"M80482_at","honeydew1"
"M80629_at","lightcyan1"
"M80899_at","darkorange"
"M81057_at","green"
"M81601_at","red"
"M81757_at","brown"
"M81829_at","lightcyan"
"M81830_at","antiquewhite4"
"M82882_at","antiquewhite4"
"M83088_at","lightsteelblue1"
"M83181_at","mediumpurple3"
"M83221_at","lightcyan"
"M83751_at","green"
"M84332_at","green"
"M84711_at","antiquewhite4"
"M85164_at","green"
"M85247_at","antiquewhite4"
"M85276_at","antiquewhite4"
"M86400_at","yellowgreen"
"M86546_at","lightcyan"
"M86667_at","mediumpurple3"
"M86707_at","antiquewhite4"
"M86737_at","lightcyan"
"M86917_at","green"
"M87284_at","darkolivegreen"
"M87339_at","brown4"
"M87434_at","green"
"M87503_at","lightcyan"
"M88108_at","green"
"M88163_at","darkolivegreen"
"M88279_at","tan"
"M88458_at","honeydew1"
"M88468_at","red"
"M89473_at","honeydew1"
"M90299_at","lightcyan"
"M90366_at","green"
"M90516_at","lightcyan"
"M90656_at","green"
"M90696_at","lightsteelblue1"
"M91029_cds2_at","green"
"M91432_at","lightcyan"
"M91467_at","red"
"M91585_at","red"
"M91592_at","green"
"M91670_at","darkgrey"
"M92287_at","darkgrey"
"M92303_at","green"
"M92424_at","green"
"M92439_at","green"
"M93036_at","mediumorchid"
"M93283_at","green"
"M93284_at","darkslateblue"
"M93405_at","lightsteelblue1"
"M93426_at","lightcyan"
"M93650_at","lightsteelblue1"
"M93718_at","palevioletred3"
"M94065_at","violet"
"M94362_at","green"
"M94556_at","green"
"M94630_at","green"
"M94856_at","green"
"M95549_at","green"
"M95610_at","brown4"
"M95623_cds1_at","lightsteelblue1"
"M95627_at","green"
"M95678_at","green"
"M95712_at","green"
"M95724_at","mediumpurple3"
"M96739_at","grey"
"M96803_at","antiquewhite4"
"M96859_at","green"
"M96982_at","darkorange"
"M97287_at","darkorange2"
"M97388_at","green"
"M97815_at","green"
"M97856_at","lightcyan"
"M97925_rna1_at","green"
"M98539_at","green"
"M98776_rna1_at","salmon4"
"M98833_at","lightcyan"
"M99701_at","salmon"
"S43646_at","lightcyan"
"S45630_at","green"
"S46622_at","darkorange"
"S53911_at","lightcyan1"
"S58544_at","lightsteelblue1"
"S59049_at","orange"
"S63912_at","salmon4"
"S65583_rna1_at","lightsteelblue1"
"S67325_at","lightsteelblue1"
"S68616_at","green"
"S70348_at","green"
"S71824_at","green"
"S72008_at","paleturquoise"
"S72904_at","green"
"S73149_at","green"
"S73591_at","violet"
"S74221_at","antiquewhite4"
"S74728_at","lightcyan1"
"S75168_rna1_at","green"
"S76965_at","antiquewhite4"
"S77356_at","darkolivegreen"
"S77415_at","salmon"
"S77576_at","green"
"S77812_at","green"
"S78203_at","salmon"
"S78296_at","green"
"S78653_at","green"
"S79267_at","green"
"S79522_at","green"
"S79639_at","tan"
"S81003_at","green"
"S81419_at","green"
"S81439_at","green"
"S81893_at","green"
"S81916_at","green"
"S82024_at","darkgrey"
"S82198_at","lightcyan"
"S82470_at","antiquewhite4"
"S83364_at","green"
"S83366_cds1_at","green"
"S87759_at","tan"
"S90469_at","brown4"
"U00930_at","green"
"U00943_at","green"
"U00968_at","brown4"
"U01038_at","lightcyan"
"U01147_at","yellowgreen"
"U01212_at","lightcyan1"
"U01923_at","darkorange2"
"U02081_at","blue"
"U02082_at","darkgrey"
"U02310_at","lightcyan"
"U02493_at","antiquewhite4"
"U02556_at","green"
"U02570_at","darkorange"
"U02632_at","paleturquoise"
"U03105_at","green"
"U03270_at","blue"
"U03272_at","brown"
"U03398_at","green"
"U03486_at","green"
"U03642_at","green"
"U03851_at","tan"
"U03886_at","brown4"
"U04343_at","lightcyan"
"U04811_at","green"
"U04840_at","green"
"U05040_at","salmon4"
"U05237_at","darkmagenta"
"U05291_at","green"
"U05659_at","lightsteelblue1"
"U06233_at","brown4"
"U06452_at","lightcyan"
"U06631_at","darkorange"
"U06681_at","lightcyan"
"U07132_at","green"
"U07158_at","brown4"
"U07358_at","green"
"U07418_at","lightsteelblue1"
"U07424_at","green"
"U07550_at","lightcyan"
"U07559_at","green"
"U07681_at","green"
"U07695_at","antiquewhite4"
"U07802_at","green"
"U07857_at","mediumpurple3"
"U08316_at","green"
"U08336_at","orange"
"U08815_at","darkorange2"
"U09002_at","paleturquoise"
"U09284_at","lightcyan1"
"U09303_at","green"
"U09367_at","darkmagenta"
"U09410_at","antiquewhite4"
"U09411_at","lavenderblush3"
"U09412_at","brown"
"U09414_at","green"
"U09477_at","lightcyan"
"U09564_at","honeydew1"
"U09813_at","antiquewhite4"
"U09825_at","green"
"U09848_at","green"
"U09953_at","honeydew1"
"U10117_at","green"
"U10323_at","lightcyan"
"U10439_at","green"
"U10550_at","violet"
"U10686_at","green"
"U10868_at","brown4"
"U11037_at","darkorange2"
"U11090_at","green"
"U11292_at","salmon"
"U11791_at","brown4"
"U11861_at","brown4"
"U11872_at","darkslateblue"
"U12255_at","orange"
"U12404_at","brown"
"U12465_at","brown"
"U12471_cds1_at","brown4"
"U12622_at","antiquewhite4"
"U12779_at","lightsteelblue1"
"U13045_at","green"
"U13395_at","salmon4"
"U13666_at","lightcyan"
"U13695_at","grey"
"U13706_at","lightcyan1"
"U13948_at","blue"
"U14193_at","brown4"
"U14383_at","green"
"U14417_at","green"
"U14575_at","antiquewhite4"
"U14588_at","green"
"U14603_at","grey"
"U14968_at","brown"
"U14969_at","brown"
"U14970_at","brown"
"U14971_at","darkorange2"
"U14972_at","darkorange2"
"U14973_at","brown"
"U15008_at","brown4"
"U15009_at","lightcyan"
"U15172_at","green"
"U15177_at","green"
"U15552_at","lightcyan"
"U15782_at","green"
"U15932_at","orange"
"U16127_at","green"
"U16282_at","grey"
"U16296_at","lightsteelblue1"
"U17163_at","blue"
"U17579_rna1_at","green"
"U17714_at","red"
"U17886_at","green"
"U17894_at","green"
"U18009_at","lightcyan"
"U18062_at","green"
"U18242_at","yellowgreen"
"U18300_at","brown4"
"U18543_at","green"
"U18937_at","green"
"U19261_at","green"
"U19345_at","lightsteelblue1"
"U19948_at","green"
"U19977_at","green"
"U20158_at","brown"
"U20325_at","lightcyan"
"U20350_at","green"
"U20582_at","green"
"U20657_at","mediumorchid"
"U20908_at","green"
"U20998_at","antiquewhite4"
"U21551_at","mediumorchid"
"U21858_at","green"
"U21931_at","brown4"
"U22055_at","lightsteelblue1"
"U22377_at","darkolivegreen"
"U22897_at","lightsteelblue1"
"U22963_at","green"
"U23143_at","lightcyan1"
"U23803_at","yellowgreen"
"U24105_at","tan"
"U24152_at","red"
"U24166_at","darkgrey"
"U24266_at","yellowgreen"
"U25029_at","green"
"U25128_at","lightcyan"
"U25165_at","green"
"U25435_at","antiquewhite4"
"U25750_at","antiquewhite4"
"U25789_at","darkorange"
"U26648_at","lightcyan"
"U27330_at","green"
"U27831_at","green"
"U28386_at","darkmagenta"
"U28686_at","antiquewhite4"
"U28687_at","lightsteelblue1"
"U28831_at","darkmagenta"
"U28833_at","grey"
"U28963_at","green"
"U29171_at","salmon"
"U29607_at","green"
"U29656_at","lightsteelblue1"
"U29680_at","yellowgreen"
"U29700_at","lightcyan1"
"U30521_at","lightcyan"
"U30825_at","green"
"U30872_at","green"
"U30888_at","darkorange"
"U31120_rna1_at","darkolivegreen"
"U31176_at","green"
"U31248_at","green"
"U31342_at","lightcyan"
"U31383_at","violet"
"U31814_at","palevioletred3"
"U31930_at","lightcyan"
"U31986_at","darkorange2"
"U32680_at","lightcyan"
"U32849_at","lightcyan"
"U32944_at","lightcyan"
"U33286_at","lightcyan"
"U33818_at","antiquewhite4"
"U33821_at","lightpink4"
"U33839_at","lightsteelblue1"
"U34343_at","green"
"U34605_at","darkgrey"
"U34962_at","lightsteelblue1"
"U35048_at","lightsteelblue1"
"U35451_at","blue"
"U35459_at","green"
"U36221_at","green"
"U36764_at","tan"
"U36787_at","red"
"U36798_at","green"
"U37012_at","lightsteelblue1"
"U37022_rna1_at","red"
"U37122_at","blue"
"U37139_at","lightcyan"
"U37219_at","lightcyan"
"U37251_at","green"
"U37352_at","grey"
"U37690_at","green"
"U37707_at","green"
"U38545_at","orange"
"U38846_at","lightcyan"
"U38847_at","lightcyan1"
"U38904_at","mediumorchid"
"U38980_at","green"
"U39317_at","tan"
"U39318_at","red"
"U39400_at","green"
"U39905_at","green"
"U40282_at","blue"
"U40343_at","antiquewhite4"
"U40369_rna1_at","palevioletred3"
"U40391_rna1_at","lightcyan"
"U40462_at","green"
"U40490_at","lightcyan"
"U40714_at","salmon"
"U40990_at","green"
"U40998_at","darkorange2"
"U41060_at","red"
"U41371_at","green"
"U41387_at","brown4"
"U41515_at","green"
"U41635_at","green"
"U41815_at","green"
"U42412_at","palevioletred3"
"U43030_at","antiquewhite4"
"U43077_at","mediumpurple3"
"U43083_at","lightcyan"
"U43148_at","green"
"U43286_at","green"
"U43292_at","green"
"U43522_at","mediumpurple3"
"U43527_at","green"
"U43753_cds2_at","mediumpurple3"
"U43923_at","green"
"U43965_at","lightcyan"
"U44059_at","green"
"U44378_at","salmon4"
"U44754_at","antiquewhite4"
"U44755_at","green"
"U44772_at","green"
"U44839_at","green"
"U44848_at","paleturquoise"
"U44975_at","salmon4"
"U45973_at","green"
"U45974_at","green"
"U45975_at","green"
"U45982_at","lightcyan"
"U46023_at","green"
"U46025_at","green"
"U46194_at","green"
"U46570_at","salmon4"
"U46571_at","green"
"U46692_rna1_at","mediumorchid"
"U46751_at","darkolivegreen"
"U47105_at","darkgrey"
"U47334_at","green"
"U47634_at","lightcyan"
"U47635_at","green"
"U47742_at","lightcyan"
"U47931_at","green"
"U48251_at","lightcyan"
"U48263_at","green"
"U48296_at","green"
"U48405_at","green"
"U48408_at","green"
"U48437_at","green"
"U48936_at","green"
"U49070_at","green"
"U49082_at","paleturquoise"
"U49089_at","lightsteelblue1"
"U49250_at","green"
"U49352_at","green"
"U49395_at","green"
"U49436_at","lightcyan"
"U49785_at","red"
"U49837_at","green"
"U49844_at","lightcyan"
"U49857_at","green"
"U49869_rna1_at","darkorange2"
"U49973_xpt1_at","mediumpurple3"
"U50062_at","green"
"U50078_at","green"
"U50136_rna1_at","lightcyan"
"U50523_at","lightsteelblue1"
"U50531_at","green"
"U50535_at","green"
"U50553_at","brown4"
"U50733_at","green"
"U50928_at","green"
"U50939_at","green"
"U50950_at","darkolivegreen"
"U51004_at","yellowgreen"
"U51096_at","green"
"U51127_at","brown"
"U51240_at","green"
"U51241_at","brown"
"U51334_at","green"
"U51336_at","lightcyan"
"U51477_at","salmon"
"U51478_at","green"
"U51678_at","green"
"U51903_at","darkgrey"
"U51920_at","lightsteelblue1"
"U51990_at","blue"
"U52101_at","darkmagenta"
"U52112_rna1_at","antiquewhite4"
"U52112_rna5_at","antiquewhite4"
"U52427_rna1_at","green"
"U52521_at","yellowgreen"
"U52522_at","lightcyan"
"U52830_at","green"
"U53209_at","green"
"U53347_at","lightsteelblue1"
"U53446_at","green"
"U54778_at","lightcyan"
"U55764_at","green"
"U55766_at","green"
"U55853_at","darkorange"
"U56244_at","darkgrey"
"U56417_at","green"
"U56418_at","violet"
"U56637_at","lightcyan"
"U56814_at","green"
"U56833_at","brown4"
"U57094_at","antiquewhite4"
"U57342_at","violet"
"U57450_at","green"
"U57629_at","darkorange2"
"U57650_at","lightcyan1"
"U57721_at","green"
"U57877_at","green"
"U58048_at","blue"
"U58089_at","paleturquoise"
"U58096_at","violet"
"U58130_at","darkorange"
"U58334_at","green"
"U58682_at","brown4"
"U58766_at","lightsteelblue1"
"U58970_at","green"
"U59302_at","lightcyan"
"U59309_at","green"
"U59736_at","green"
"U59752_at","red"
"U59878_at","coral1"
"U59919_at","darkslateblue"
"U60115_at","lightcyan"
"U60116_at","grey"
"U60269_cds2_at","lightcyan1"
"U60269_cds3_at","lightcyan"
"U60325_at","salmon"
"U60975_at","lightcyan"
"U61145_at","green"
"U61166_at","green"
"U61234_at","lavenderblush3"
"U61263_at","lightcyan"
"U62136_at","antiquewhite4"
"U62317_rna3_at","lightcyan1"
"U62389_at","lightcyan"
"U62739_at","green"
"U62962_at","darkorange"
"U63541_at","lightsteelblue1"
"U63825_at","brown4"
"U63842_at","lightcyan"
"U64105_at","tan"
"U64444_at","green"
"U65581_at","lightcyan1"
"U65785_at","lightsteelblue1"
"U65928_at","brown4"
"U65932_at","lightcyan"
"U66052_at","lightcyan1"
"U66059_cds7_at","green"
"U66469_at","red"
"U66578_at","green"
"U66615_at","green"
"U66616_at","green"
"U66617_at","green"
"U66618_at","orange"
"U66838_at","grey"
"U66879_at","lightcyan"
"U67171_at","lightsteelblue1"
"U67319_at","green"
"U67369_at","green"
"U67614_at","green"
"U67674_at","green"
"U67963_at","salmon4"
"U68018_at","paleturquoise"
"U68063_at","green"
"U68142_at","darkgrey"
"U68494_at","tan"
"U68566_at","antiquewhite4"
"U69141_at","palevioletred3"
"U69546_at","salmon"
"U69645_at","brown4"
"U70321_at","tan"
"U70322_at","green"
"U70323_at","lightcyan"
"U70660_at","lightcyan"
"U70671_at","darkmagenta"
"U70735_at","green"
"U70867_at","green"
"U71088_at","green"
"U71300_at","lightsteelblue1"
"U71374_at","green"
"U71601_at","lightcyan"
"U72066_at","green"
"U72206_at","green"
"U72209_at","antiquewhite4"
"U72508_at","grey"
"U72511_at","lightcyan"
"U72512_at","green"
"U72517_at","lightcyan1"
"U73328_at","brown4"
"U73379_at","green"
"U73524_at","lightcyan"
"U73737_at","red"
"U73824_at","mediumpurple3"
"U75679_at","brown4"
"U75968_at","paleturquoise"
"U76010_at","green"
"U76638_at","grey"
"U76992_at","lightpink4"
"U77129_at","green"
"U77604_at","green"
"U77665_at","brown4"
"U77718_at","darkmagenta"
"U77827_at","tan"
"U77948_at","lightcyan"
"U78027_rna3_at","green"
"U78027_rna4_at","lightsteelblue1"
"U78095_at","darkorange2"
"U78107_at","antiquewhite4"
"U78521_at","green"
"U78524_at","salmon"
"U78556_at","green"
"U78575_at","lightcyan"
"U78678_at","lightsteelblue1"
"U78793_at","green"
"U78798_at","green"
"U79242_at","green"
"U79252_at","lightcyan"
"U79254_at","green"
"U79259_at","lightcyan1"
"U79260_at","green"
"U79262_at","green"
"U79267_at","lightcyan"
"U79274_at","yellowgreen"
"U79275_at","green"
"U79282_at","red"
"U79287_at","lightcyan"
"U79291_at","green"
"U79294_at","lightcyan"
"U79296_at","brown4"
"U79297_at","green"
"U79716_at","lightsteelblue1"
"U79718_at","paleturquoise"
"U80017_rna3_at","green"
"U80040_at","green"
"U81375_at","darkslateblue"
"U81554_at","green"
"U81556_at","violet"
"U81599_at","darkgrey"
"U81787_at","yellowgreen"
"U81802_at","green"
"U82010_rna1_at","antiquewhite4"
"U82169_at","mediumpurple3"
"U82303_at","blue"
"U82310_at","green"
"U82311_at","green"
"U83115_at","green"
"U83246_at","blue"
"U83410_at","lightcyan"
"U83461_at","green"
"U83463_at","palevioletred3"
"U83843_at","lightcyan"
"U84569_at","mediumpurple3"
"U85193_at","salmon4"
"U85245_at","tan"
"U85430_at","green"
"U85611_at","lightcyan"
"U85658_at","grey"
"U85946_at","lightcyan"
"U85992_at","green"
"U86070_at","green"
"U86409_at","honeydew1"
"U86529_at","lightsteelblue1"
"U86602_at","lightcyan"
"U86782_at","green"
"U87408_at","green"
"U87459_at","lightcyan"
"U88629_at","violet"
"U88666_at","green"
"U88964_at","lightsteelblue1"
"U89278_at","salmon"
"U89336_cds1_at","lightsteelblue1"
"U89336_cds3_at","green"
"U89336_cds8_at","mediumorchid"
"U89505_at","lightcyan"
"U89896_at","green"
"U90306_at","green"
"U90313_at","mediumpurple3"
"U90426_at","red"
"U90547_at","lightsteelblue1"
"U90550_at","mediumorchid"
"U90651_at","tan"
"U90716_at","tan"
"U90878_at","green"
"U90905_at","antiquewhite4"
"U90907_at","green"
"U90909_at","darkgrey"
"U90911_at","lightcyan"
"U90912_at","lightsteelblue1"
"U90915_at","antiquewhite4"
"U90916_at","lightcyan"
"U91327_at","green"
"U91930_at","green"
"U91931_at","green"
"U91932_at","darkmagenta"
"U92014_at","coral1"
"U92015_at","brown"
"U92436_at","salmon"
"U93205_at","violet"
"U93237_rna2_at","antiquewhite4"
"U93867_at","green"
"U94319_at","green"
"U94585_at","green"
"U94586_at","paleturquoise"
"U94592_at","darkslateblue"
"U94855_at","antiquewhite4"
"U95040_at","lightcyan1"
"U95740_rna1_at","red"
"U96113_at","green"
"U96114_at","salmon"
"U96629_rna2_at","violet"
"U96781_cds1_at","lightcyan"
"U96915_at","green"
"U97105_at","violet"
"V00563_at","lightcyan"
"V00572_at","brown4"
"V01512_rna1_at","orange"
"X00274_at","green"
"X01060_at","blue"
"X01388_at","green"
"X01715_at","green"
"X02152_at","violet"
"X02317_at","green"
"X02750_at","lightcyan"
"X03066_at","green"
"X03100_cds2_at","green"
"X03342_at","brown"
"X03484_at","antiquewhite4"
"X03934_at","yellowgreen"
"X04085_rna1_at","lightcyan"
"X04106_at","lightcyan"
"X04327_at","red"
"X04391_at","palevioletred3"
"X05276_at","lightsteelblue1"
"X05323_at","green"
"X06272_at","mediumorchid"
"X06323_at","red"
"X06617_at","brown"
"X06948_at","darkolivegreen"
"X07024_at","green"
"X07290_at","antiquewhite4"
"X07876_at","green"
"X07948_at","lightcyan"
"X07979_at","antiquewhite4"
"X12433_at","lightcyan"
"X12447_at","blue"
"X12492_at","green"
"X12791_at","salmon4"
"X12794_at","salmon4"
"X13227_at","palevioletred3"
"X13238_at","green"
"X13444_at","green"
"X13482_at","green"
"X13546_rna1_at","grey"
"X13794_rna1_at","lightcyan"
"X13967_at","antiquewhite4"
"X13973_at","brown4"
"X14046_at","blue"
"X14329_at","lightsteelblue1"
"X14448_at","green"
"X14675_at","antiquewhite4"
"X14789_at","green"
"X14850_at","blue"
"X15183_at","lightcyan"
"X15187_at","green"
"X15341_at","antiquewhite4"
"X15357_at","darkorange"
"X15393_rna1_at","tan"
"X15414_at","lightsteelblue1"
"X15525_rna1_at","blue"
"X15822_at","antiquewhite4"
"X15882_at","orange"
"X15940_at","brown"
"X16064_at","brown"
"X16135_at","brown4"
"X16316_at","blue"
"X16416_at","green"
"X16560_at","green"
"X16663_at","lightsteelblue1"
"X16665_at","antiquewhite4"
"X17042_at","lightcyan1"
"X17206_at","brown"
"X17620_at","lightcyan"
"X17622_at","green"
"X51466_at","lightcyan1"
"X51521_at","green"
"X51804_at","tan"
"X52151_at","lightsteelblue1"
"X52192_at","green"
"X52479_at","salmon4"
"X52520_at","paleturquoise"
"X52730_rna1_at","green"
"X52851_rna1_at","green"
"X52882_at","green"
"X52966_at","lightcyan1"
"X53331_at","green"
"X53777_at","brown4"
"X53793_at","lightcyan"
"X54304_at","darkolivegreen"
"X54326_at","green"
"X54637_at","palevioletred3"
"X54870_at","green"
"X54942_at","coral1"
"X55079_rna1_at","green"
"X55666_at","green"
"X55715_at","brown"
"X55733_at","green"
"X55954_at","brown"
"X56199_at","antiquewhite4"
"X56253_rna1_at","mediumpurple3"
"X56468_at","green"
"X56494_at","lightcyan1"
"X56667_at","brown4"
"X56932_at","brown"
"X56997_rna1_at","lightcyan1"
"X57303_at","lightcyan"
"X57346_at","honeydew1"
"X57398_at","lightcyan"
"X57766_at","green"
"X57959_at","darkslateblue"
"X58521_at","orange"
"X59405_at","green"
"X59417_at","violet"
"X59770_at","green"
"X59834_at","blue"
"X59841_at","lightsteelblue1"
"X59892_at","lightcyan"
"X60036_at","brown4"
"X60188_at","grey"
"X60221_at","green"
"X60486_at","lightsteelblue1"
"X60489_at","honeydew1"
"X61072_at","green"
"X61100_rna1_at","lavenderblush3"
"X61615_at","lightcyan"
"X61970_at","lightcyan"
"X62025_rna1_at","green"
"X62055_at","lightsteelblue1"
"X62320_at","darkmagenta"
"X62466_at","antiquewhite4"
"X62573_at","tan"
"X62654_rna1_at","darkmagenta"
"X62691_at","brown"
"X63337_at","yellowgreen"
"X63422_at","antiquewhite4"
"X63527_at","brown"
"X63657_at","lightsteelblue1"
"X63679_at","lightcyan"
"X63692_at","darkgrey"
"X63753_at","green"
"X64037_at","green"
"X64229_at","green"
"X64269_at","green"
"X64330_at","blue"
"X64364_at","antiquewhite4"
"X64707_at","darkmagenta"
"X65614_at","orange"
"X65724_at","honeydew1"
"X65867_at","lightcyan"
"X65873_at","lavenderblush3"
"X66079_at","green"
"X66141_at","green"
"X66364_at","red"
"X66397_at","green"
"X66401_cds1_at","paleturquoise"
"X66417_at","green"
"X66534_at","lightcyan1"
"X67155_at","darkorange2"
"X67247_rna1_at","brown"
"X67697_at","violet"
"X67698_at","violet"
"X67951_at","lightsteelblue1"
"X68242_at","brown4"
"X68277_at","orange"
"X68486_at","lightcyan"
"X68560_at","lightcyan"
"X68561_at","salmon"
"X68733_rna1_at","green"
"X68994_at","green"
"X69111_at","orange"
"X69141_at","antiquewhite4"
"X69150_at","brown"
"X69391_at","lightcyan1"
"X69398_at","orange"
"X69433_at","brown4"
"X69550_at","brown4"
"X69636_at","green"
"X69699_at","green"
"X69878_at","lightcyan"
"X69908_rna1_at","yellowgreen"
"X69910_at","brown4"
"X69978_at","lightcyan"
"X70040_at","lightcyan"
"X70218_at","green"
"X70297_at","orange"
"X70394_at","lightsteelblue1"
"X70683_at","lightcyan1"
"X71129_at","green"
"X71428_at","antiquewhite4"
"X71973_at","green"
"X72177_rna1_at","blue"
"X72755_at","coral1"
"X72841_at","brown4"
"X72964_at","lightcyan"
"X73113_at","green"
"X73460_at","brown"
"X74008_at","antiquewhite4"
"X74104_at","lightcyan"
"X74262_at","green"
"X74331_at","mediumpurple3"
"X74496_at","green"
"X74614_at","paleturquoise"
"X74764_at","green"
"X74795_at","blue"
"X74801_at","green"
"X75042_at","brown"
"X75208_at","brown"
"X75252_at","darkorange2"
"X75304_at","green"
"X75593_at","salmon"
"X75861_at","green"
"X75962_at","lightpink4"
"X76013_at","brown4"
"X76040_at","green"
"X76104_at","blue"
"X76132_at","violet"
"X76228_at","green"
"X76302_at","brown4"
"X76538_at","darkgrey"
"X76648_at","blue"
"X76717_at","salmon4"
"X76732_at","lightcyan"
"X76770_at","green"
"X77094_at","darkgrey"
"X77197_at","brown4"
"X77548_at","antiquewhite4"
"X77584_at","paleturquoise"
"X77794_at","antiquewhite4"
"X78031_at","lightpink4"
"X78136_at","darkolivegreen"
"X78627_at","lightcyan"
"X78669_at","brown"
"X78817_at","red"
"X79234_at","lightcyan"
"X79439_at","lavenderblush3"
"X79536_at","orange"
"X79781_at","antiquewhite4"
"X79981_at","green"
"X80199_at","darkmagenta"
"X80200_at","lightcyan1"
"X80230_at","green"
"X80497_at","mediumorchid"
"X80507_at","green"
"X80692_at","green"
"X80695_at","lightcyan"
"X80754_at","darkslateblue"
"X80822_at","brown"
"X80907_at","green"
"X80909_at","lightcyan"
"X80910_at","palevioletred3"
"X80915_rna1_at","lightcyan"
"X80923_at","green"
"X81003_at","lightpink4"
"X81198_at","blue"
"X81333_at","tan"
"X81817_at","blue"
"X81889_at","green"
"X81892_at","lightcyan"
"X82103_at","blue"
"X82200_at","lightcyan"
"X82434_at","tan"
"X82456_at","green"
"X82554_rna1_at","lightcyan"
"X82634_at","grey"
"X82877_at","lightcyan"
"X82895_at","green"
"X83218_at","antiquewhite4"
"X83368_at","darkolivegreen"
"X83425_at","green"
"X83928_at","mediumorchid"
"X83973_at","salmon"
"X84002_at","green"
"X84194_at","salmon"
"X84740_at","blue"
"X84908_at","salmon"
"X85372_at","green"
"X85373_at","antiquewhite4"
"X85785_rna1_at","lightsteelblue1"
"X85786_at","red"
"X86012_at","blue"
"X86570_at","green"
"X86681_at","green"
"X86779_at","lightsteelblue1"
"X87838_at","brown"
"X89059_at","paleturquoise"
"X89211_at","lightcyan"
"X89267_at","green"
"X89398_cds2_at","lightcyan"
"X89750_at","blue"
"X89894_at","antiquewhite4"
"X89960_at","lightcyan"
"X89984_at","lightpink4"
"X89985_at","tan"
"X90761_at","lightcyan1"
"X90763_at","green"
"X90872_at","green"
"X90978_at","violet"
"X91247_at","lightsteelblue1"
"X91257_at","orange"
"X91504_at","lightsteelblue1"
"X91788_at","lightcyan"
"X91809_at","blue"
"X91868_at","lightcyan"
"X92098_at","violet"
"X92106_at","green"
"X92110_at","green"
"X92396_at","green"
"X92521_at","coral1"
"X92715_at","green"
"X92720_at","lightcyan"
"X93921_at","antiquewhite4"
"X94232_at","green"
"X94754_at","green"
"X95404_at","honeydew1"
"X95586_at","honeydew1"
"X96381_rna1_at","paleturquoise"
"X96484_at","green"
"X96586_at","antiquewhite4"
"X96698_at","antiquewhite4"
"X96752_at","green"
"X96924_rna1_at","green"
"X96969_at","green"
"X97074_at","green"
"X97160_rna1_at","grey"
"X97198_at","green"
"X97249_at","green"
"X97302_at","lightsteelblue1"
"X97544_at","tan"
"X98001_at","antiquewhite4"
"X98085_at","darkslateblue"
"X98172_at","green"
"X98248_rna1_at","darkorange2"
"X98260_at","green"
"X98261_at","green"
"X98263_at","violet"
"X98411_at","brown4"
"X98743_at","antiquewhite4"
"X98801_at","lightcyan1"
"X99050_rna1_at","lightpink4"
"X99101_at","lightpink4"
"X99141_at","antiquewhite4"
"X99209_at","antiquewhite4"
"X99459_at","lightsteelblue1"
"X99585_at","green"
"X99664_at","lightcyan"
"X99687_at","darkorange"
"X99688_at","green"
"X99728_at","antiquewhite4"
"Y00062_at","antiquewhite4"
"Y00064_at","violet"
"Y00281_at","lightcyan"
"Y00282_at","lightsteelblue1"
"Y00318_at","green"
"Y00433_at","green"
"Y00486_rna1_at","darkorange"
"Y00764_at","green"
"Y00971_at","green"
"Y07604_at","lightcyan"
"Y07683_at","green"
"Y07829_xpt4_at","green"
"Y07847_at","green"
"Y08134_at","antiquewhite4"
"Y08200_at","lightcyan"
"Y08302_at","lightcyan1"
"Y08409_at","green"
"Y08612_at","green"
"Y08614_at","lightcyan"
"Y08915_at","coral1"
"Y08976_at","green"
"Y08991_at","antiquewhite4"
"Y09216_at","blue"
"Y09306_at","darkorange2"
"Y09443_at","darkorange2"
"Y09615_at","lightcyan"
"Y09616_at","green"
"Y10055_at","green"
"Y10376_at","green"
"Y10505_at","green"
"Y10518_at","yellowgreen"
"Y10615_at","palevioletred3"
"Y10936_at","green"
"Y11251_at","green"
"Y11681_at","green"
"Y11710_rna1_at","green"
"Y11897_at","lightcyan"
"Y12670_at","lightpink4"
"Y12856_at","green"
"Y13115_at","brown4"
"Y13153_at","brown4"
"Y14140_at","green"
"Z12962_at","brown"
"Z14000_at","green"
"Z14244_at","antiquewhite4"
"Z15114_at","antiquewhite4"
"Z17227_at","yellowgreen"
"Z18859_rna1_at","green"
"Z21488_at","green"
"Z21507_at","lightcyan"
"Z22536_at","salmon"
"Z23064_at","grey"
"Z23115_at","lightsteelblue1"
"Z25535_at","lightcyan"
"Z25749_rna1_at","darkorange2"
"Z25884_at","green"
"Z26876_at","brown"
"Z27113_at","brown4"
"Z28407_at","darkorange"
"Z29064_at","brown4"
"Z29090_at","lightsteelblue1"
"Z29481_at","green"
"Z29505_at","lightcyan"
"Z29678_at","green"
"Z30426_at","lightcyan"
"Z31357_at","salmon4"
"Z32765_at","lightcyan"
"Z34918_at","darkgrey"
"Z35093_at","lightcyan1"
"Z35102_at","salmon"
"Z35227_at","darkorange"
"Z35491_at","antiquewhite4"
"Z36531_at","violet"
"Z36715_at","green"
"Z37166_at","lightcyan"
"Z37976_at","salmon"
"Z37986_at","darkolivegreen"
"Z46973_at","green"
"Z47087_at","darkorange"
"Z47553_at","antiquewhite4"
"Z47727_at","lightcyan"
"Z48042_at","green"
"Z48051_rna1_at","green"
"Z48054_at","green"
"Z48199_at","lightcyan"
"Z48481_at","green"
"Z48512_at","lightpink4"
"Z48541_at","darkslateblue"
"Z48923_at","red"
"Z48950_at","green"
"Z49099_at","salmon4"
"Z49254_at","green"
"Z49878_at","lightcyan"
"Z50022_at","lightcyan"
"Z50053_at","red"
"Z50749_at","green"
"Z50781_at","green"
"Z67743_at","red"
"Z68129_cds1_at","green"
"Z69720_at","green"
"Z69915_at","lightcyan"
"Z70219_at","lightsteelblue1"
"Z70759_at","brown"
"Z71460_at","lightcyan"
"Z72499_at","antiquewhite4"
"Z75330_at","darkorange2"
"Z84721_cds2_at","lightcyan"
"Z93784_at","green"
"Z95624_at","mediumpurple3"
"Z97054_xpt2_at","lightcyan1"
"AB002533_at","honeydew1"
"AB006782_at","green"
"AF001548_rna1_at","tan"
"D00860_at","tan"
"D13146_cds1_at","lightsteelblue1"
"D16105_at","lightsteelblue1"
"D21235_at","antiquewhite4"
"D29805_at","lightcyan"
"D31889_at","lightcyan"
"D38073_at","brown4"
"D45132_at","coral1"
"D50405_at","antiquewhite4"
"D80000_at","brown4"
"D83646_at","tan"
"D86550_at","antiquewhite4"
"D86988_at","lightcyan"
"HG2465-HT4871_at","blue"
"HG2846-HT2983_at","brown4"
"HG3543-HT3739_at","tan"
"HG651-HT4201_at","lightcyan"
"J02986_cds1_at","violet"
"J04168_at","green"
"J04182_at","honeydew1"
"K01900_at","lightsteelblue1"
"L00058_at","lightcyan"
"L04282_at","green"
"L10413_at","green"
"L11066_at","green"
"L11284_at","palevioletred3"
"L13773_at","green"
"L20688_at","blue"
"L20965_at","lightcyan"
"L22454_at","mediumpurple3"
"L33075_at","darkorange"
"L40397_at","lightcyan1"
"L49380_at","green"
"L76517_at","lightsteelblue1"
"M14745_at","green"
"M16342_at","palevioletred3"
"M24900_at","green"
"M31724_at","orange"
"M34276_at","brown4"
"M34715_at","mediumorchid"
"M37712_at","green"
"M69013_at","green"
"M69181_at","brown4"
"M84424_at","green"
"M87770_at","antiquewhite4"
"M91463_rna1_at","darkslateblue"
"M93651_at","paleturquoise"
"M94046_at","lightcyan"
"M97676_at","green"
"S41458_at","tan"
"U09609_at","lightcyan"
"U12767_at","brown4"
"U13022_at","green"
"U14394_at","green"
"U33841_at","green"
"U34587_at","green"
"U36341_rna1_at","red"
"U37146_at","brown4"
"U38276_at","grey"
"U41518_at","lightsteelblue1"
"U41654_at","palevioletred3"
"U47077_at","green"
"U50196_at","green"
"U53204_at","brown4"
"U61500_at","green"
"U72649_at","lavenderblush3"
"U83171_at","green"
"U94832_at","lightcyan"
"U96131_at","green"
"X02160_at","lightcyan"
"X04526_at","violet"
"X05610_at","green"
"X06268_at","red"
"X12671_rna1_at","darkorange"
"X14766_at","lightcyan"
"X55005_rna1_at","tan"
"X55990_rna1_at","green"
"X56841_at","violet"
"X63717_at","antiquewhite4"
"X65488_at","tan"
"X65857_at","green"
"X66087_at","darkolivegreen"
"X66785_at","blue"
"X72727_at","green"
"X73478_at","green"
"X77753_at","darkslateblue"
"X78338_at","green"
"X80818_at","brown4"
"X81625_at","darkgrey"
"Z15115_at","blue"
"Z18956_at","green"
"Z74615_at","green"
"D86974_at","tan"
"AB002356_s_at","antiquewhite4"
"Z49107_s_at","lightcyan"
"AC000063_s_at","salmon4"
"AC002045_xpt2_s_at","tan"
"AC002477_s_at","green"
"AJ000099_s_at","red"
"X83416_s_at","lightcyan1"
"M18700_s_at","green"
"Y00097_s_at","lightsteelblue1"
"D00749_s_at","green"
"L09229_s_at","lightcyan"
"L06797_s_at","palevioletred3"
"D12775_s_at","lightcyan"
"M19650_s_at","lightcyan"
"S50017_s_at","antiquewhite4"
"D79206_s_at","brown"
"D13413_rna1_s_at","brown"
"D13705_s_at","green"
"D13720_s_at","mediumpurple3"
"HG1400-HT1400_s_at","green"
"Z49835_s_at","lightcyan1"
"HG4541-HT4946_s_at","lightcyan1"
"D26156_s_at","green"
"D26535_s_at","lightcyan"
"D28473_s_at","lightcyan"
"D29640_s_at","lightsteelblue1"
"D29675_s_at","green"
"U34380_rna1_s_at","antiquewhite4"
"X14085_s_at","lightcyan"
"HG4312-HT4582_s_at","lightcyan1"
"X62153_s_at","green"
"S68874_s_at","green"
"U38964_s_at","coral1"
"S78771_s_at","lavenderblush3"
"Z84497_s_at","green"
"D43682_s_at","blue"
"M19311_s_at","green"
"D49354_s_at","lightsteelblue1"
"D49372_s_at","darkorange"
"D49487_s_at","green"
"D49824_s_at","brown"
"U50079_s_at","orange"
"U58046_s_at","green"
"D63479_s_at","antiquewhite4"
"D63861_s_at","green"
"M96954_s_at","orange"
"Y10807_s_at","paleturquoise"
"D78132_s_at","palevioletred3"
"D78577_s_at","violet"
"S78271_s_at","green"
"D83260_s_at","mediumorchid"
"U19713_s_at","paleturquoise"
"Z35085_s_at","green"
"D89377_at","green"
"HG1728-HT1734_s_at","green"
"X55448_cds1_s_at","blue"
"HG110-HT110_s_at","green"
"HG1140-HT4817_s_at","lightpink4"
"HG1322-HT5143_s_at","brown"
"HG1428-HT1428_s_at","brown"
"HG1471-HT3923_s_at","green"
"X57351_at","antiquewhite4"
"X57351_s_at","antiquewhite4"
"HG1595-HT4788_s_at","green"
"HG1751-HT1768_at","green"
"U19247_rna1_s_at","lightcyan1"
"U47025_s_at","orange"
"M14199_s_at","brown"
"U43901_rna1_s_at","brown"
"HG2090-HT2152_s_at","green"
"HG210-HT210_s_at","lightcyan1"
"HG2197-HT2267_s_at","darkolivegreen"
"HG2238-HT2321_s_at","darkmagenta"
"HG4069-HT4339_s_at","lightcyan"
"HG243-HT243_s_at","green"
"L08835_rna2_s_at","green"
"U22376_cds2_s_at","lightcyan"
"X55019_s_at","grey"
"HG2639-HT2735_s_at","yellowgreen"
"HG2705-HT2801_s_at","salmon"
"HG273-HT273_s_at","green"
"HG2809-HT2920_s_at","green"
"X04654_s_at","green"
"HG2815-HT2931_at","green"
"HG2815-HT2931_s_at","darkslateblue"
"HG2815-HT4023_s_at","salmon"
"HG2841-HT2968_s_at","green"
"HG2868-HT3012_s_at","antiquewhite4"
"HG2994-HT4850_s_at","green"
"U77846_rna1_at","green"
"U77846_rna1_s_at","green"
"HG3076-HT3238_s_at","green"
"X75755_rna1_s_at","lightcyan"
"HG3107-HT3283_s_at","lightsteelblue1"
"M31520_rna1_at","green"
"M31520_rna1_s_at","lightcyan"
"HG3319-HT3496_s_at","green"
"HG3342-HT3519_s_at","green"
"HG3432-HT3620_s_at","lightsteelblue1"
"HG3437-HT3628_s_at","lightcyan"
"HG3484-HT3678_s_at","mediumpurple3"
"HG3523-HT4899_s_at","lightcyan1"
"J03242_s_at","lightcyan"
"HG36-HT4101_s_at","blue"
"HG371-HT26388_s_at","green"
"HG3725-HT3981_s_at","green"
"HG3920-HT4521_s_at","green"
"X77588_s_at","green"
"HG4011-HT4804_s_at","antiquewhite4"
"HG4020-HT4290_s_at","red"
"HG4063-HT4333_s_at","green"
"HG4094-HT4364_s_at","darkgrey"
"M20867_s_at","darkorange"
"HG4264-HT4534_s_at","green"
"HG4318-HT4588_s_at","lightsteelblue1"
"HG4535-HT4940_s_at","lightcyan"
"U19251_s_at","green"
"M57464_s_at","darkorange"
"HG627-HT5097_s_at","blue"
"X57110_s_at","green"
"Z68280_cds2_s_at","red"
"HG721-HT4828_s_at","green"
"HG721-HT4827_s_at","green"
"HG884-HT884_s_at","red"
"HG945-HT945_s_at","brown"
"HG982-HT982_s_at","coral1"
"M10277_s_at","antiquewhite4"
"M97935_s_at","lightcyan"
"J00105_s_at","lightcyan"
"S71043_rna1_s_at","salmon4"
"V00594_s_at","lightcyan1"
"M29386_s_at","lavenderblush3"
"V00599_s_at","green"
"J02621_s_at","green"
"J02683_s_at","green"
"X05130_s_at","darkmagenta"
"M29610_at","brown4"
"M29610_s_at","blue"
"U50327_s_at","green"
"J03241_s_at","lightcyan"
"U07806_s_at","blue"
"X57579_s_at","salmon"
"U01691_s_at","yellowgreen"
"J03805_s_at","green"
"J05253_s_at","lightcyan"
"J04029_s_at","green"
"J04046_s_at","green"
"J04130_s_at","orange"
"M61827_rna1_s_at","darkgrey"
"X14684_s_at","brown4"
"U75272_s_at","lightcyan"
"X17567_s_at","blue"
"X52979_rna1_s_at","palevioletred3"
"S40719_s_at","darkslateblue"
"J04617_s_at","brown"
"X03689_s_at","brown"
"J05016_rna1_s_at","lightsteelblue1"
"J05036_s_at","blue"
"M32304_s_at","lightcyan"
"M34996_s_at","green"
"M13058_s_at","lightcyan"
"X69920_s_at","green"
"X66113_s_at","lightsteelblue1"
"L04483_s_at","brown"
"L05072_s_at","lightcyan"
"Z31560_s_at","green"
"S57212_s_at","antiquewhite4"
"L10333_s_at","salmon4"
"L10338_s_at","antiquewhite4"
"L10615_s_at","darkgrey"
"L15189_s_at","darkorange"
"U03397_s_at","darkolivegreen"
"L13939_s_at","yellowgreen"
"U33838_s_at","darkgrey"
"Z22951_rna1_s_at","green"
"L19493_s_at","green"
"U11875_s_at","green"
"U59632_s_at","darkorange"
"S75213_s_at","paleturquoise"
"M60974_s_at","blue"
"L25931_s_at","blue"
"U35005_s_at","lightsteelblue1"
"S69265_s_at","green"
"L32831_s_at","blue"
"U80226_s_at","lightcyan"
"L35249_s_at","paleturquoise"
"L46720_s_at","mediumpurple3"
"M34458_rna1_s_at","blue"
"L38490_s_at","lightcyan"
"U15637_s_at","lightcyan"
"U32986_s_at","blue"
"U61734_s_at","lightcyan1"
"L49209_s_at","darkolivegreen"
"L43575_s_at","blue"
"L43579_at","antiquewhite4"
"L43579_s_at","darkgrey"
"X92518_s_at","green"
"Y08765_s_at","green"
"Y08766_s_at","lightpink4"
"U45878_s_at","green"
"U64315_s_at","brown"
"X05855_s_at","lightcyan"
"X07438_s_at","brown4"
"X83705_s_at","palevioletred3"
"M12959_s_at","mediumpurple3"
"M13829_s_at","lightcyan"
"M13994_s_at","green"
"M14328_s_at","lightsteelblue1"
"M14483_rna1_s_at","mediumpurple3"
"M26708_s_at","green"
"M36429_s_at","honeydew1"
"M16652_at","honeydew1"
"M16938_s_at","red"
"Y00414_s_at","green"
"M18255_cds2_s_at","paleturquoise"
"M18391_s_at","darkolivegreen"
"Z19554_s_at","lightcyan"
"X54667_s_at","green"
"M19508_xpt3_s_at","green"
"M20747_s_at","lightcyan"
"M84371_rna1_s_at","green"
"M21142_cds2_s_at","green"
"M26730_s_at","green"
"M22348_s_at","blue"
"M23323_s_at","darkslateblue"
"Z68228_s_at","lightcyan1"
"X95325_s_at","salmon"
"M24485_s_at","green"
"M54915_s_at","green"
"X72632_s_at","brown4"
"M26041_s_at","blue"
"X60003_s_at","lightcyan"
"M28213_s_at","lightcyan1"
"M29277_at","green"
"M28882_s_at","grey"
"U20734_s_at","orange"
"Z47055_s_at","lightcyan"
"M29932_s_at","green"
"M29994_s_at","salmon"
"M30257_s_at","red"
"M30448_s_at","lightcyan"
"X57152_rna1_s_at","green"
"M74587_rna1_s_at","grey"
"M31211_s_at","green"
"M65214_s_at","darkmagenta"
"M33684_s_at","yellowgreen"
"U05681_s_at","orange"
"X51435_s_at","violet"
"M34338_s_at","green"
"U50648_s_at","green"
"M36284_s_at","lightsteelblue1"
"M37238_s_at","green"
"M37457_at","green"
"M38449_s_at","blue"
"M55409_s_at","darkmagenta"
"M55513_s_at","brown4"
"M55998_s_at","lightcyan"
"U16720_rna1_s_at","green"
"X13461_s_at","antiquewhite4"
"M60284_s_at","green"
"M60483_rna1_s_at","green"
"M60784_s_at","lightsteelblue1"
"M61826_s_at","blue"
"M61832_s_at","green"
"X65962_s_at","green"
"M92843_s_at","orange"
"M64269_s_at","green"
"Z26491_s_at","red"
"M74715_s_at","antiquewhite4"
"M75715_s_at","palevioletred3"
"X62083_s_at","lavenderblush3"
"X58528_s_at","red"
"M81695_s_at","darkorange2"
"X80763_s_at","honeydew1"
"X62534_s_at","blue"
"U84011_s_at","darkmagenta"
"X15673_s_at","yellowgreen"
"S54005_s_at","lightsteelblue1"
"S57132_s_at","lightcyan"
"X75091_s_at","paleturquoise"
"M94172_s_at","blue"
"X68985_s_at","green"
"S49592_s_at","darkolivegreen"
"M97796_s_at","lightcyan"
"X66142_s_at","darkslateblue"
"X57809_s_at","lightcyan1"
"S52969_cds1_s_at","green"
"X65784_s_at","green"
"S56151_s_at","orange"
"X51362_s_at","tan"
"S72024_s_at","green"
"S72503_s_at","antiquewhite4"
"U24056_s_at","lightsteelblue1"
"U31929_s_at","green"
"S76473_s_at","green"
"S79219_s_at","blue"
"S79873_s_at","lightcyan1"
"S80437_s_at","lightsteelblue1"
"S81264_s_at","green"
"S83513_s_at","green"
"X04347_s_at","brown4"
"U00947_s_at","honeydew1"
"X73358_s_at","darkslateblue"
"U06155_s_at","brown"
"U18271_cds3_s_at","green"
"U09510_s_at","coral1"
"U09716_s_at","darkmagenta"
"U72935_cds3_s_at","green"
"U09820_s_at","tan"
"U12707_s_at","green"
"U15642_s_at","antiquewhite4"
"X91911_s_at","red"
"U16812_s_at","mediumpurple3"
"X84213_s_at","darkslateblue"
"U19252_s_at","blue"
"U19557_s_at","lightsteelblue1"
"U22431_s_at","lightcyan1"
"U23852_s_at","green"
"U25034_s_at","lavenderblush3"
"U26312_s_at","green"
"U27326_s_at","lightcyan"
"Z50115_s_at","lightcyan"
"U30827_s_at","green"
"U45328_s_at","green"
"U41068_cds2_s_at","antiquewhite4"
"U67092_s_at","green"
"X91196_s_at","salmon"
"U36759_s_at","green"
"Z69030_s_at","antiquewhite4"
"X85137_s_at","mediumpurple3"
"Z47038_s_at","lightcyan"
"X93511_s_at","lightcyan"
"U40846_s_at","blue"
"X76942_s_at","lightcyan"
"U41767_s_at","tan"
"X96506_s_at","green"
"U43189_s_at","green"
"U43747_s_at","brown4"
"U45448_s_at","blue"
"U47686_s_at","paleturquoise"
"U49020_cds2_s_at","palevioletred3"
"Z49148_s_at","brown"
"U49835_s_at","honeydew1"
"U52077_s_at","lightcyan"
"X92493_s_at","blue"
"U52696_s_at","green"
"U52828_s_at","lightcyan"
"U54644_s_at","antiquewhite4"
"U66711_rna1_s_at","antiquewhite4"
"U57623_s_at","green"
"U57971_s_at","green"
"U59831_rna1_s_at","lavenderblush3"
"U61276_s_at","green"
"U67122_s_at","green"
"X99586_s_at","green"
"U61397_s_at","green"
"U65416_rna1_s_at","green"
"U66828_s_at","green"
"U70064_s_at","red"
"U68105_s_at","brown4"
"Z48501_s_at","green"
"U69126_s_at","lightcyan"
"U70439_s_at","brown4"
"U72936_s_at","tan"
"U79528_s_at","orange"
"U83239_s_at","antiquewhite4"
"U90543_s_at","lightcyan1"
"U90552_s_at","violet"
"Y08265_s_at","green"
"X06700_s_at","red"
"X65965_s_at","yellowgreen"
"X15729_s_at","green"
"X70944_s_at","green"
"X56681_s_at","green"
"X53296_s_at","darkorange2"
"X53390_s_at","lightcyan1"
"X55037_s_at","green"
"Y00451_s_at","lightcyan"
"X58431_rna2_s_at","green"
"X59932_s_at","blue"
"X74874_rna1_s_at","darkolivegreen"
"X83492_at","green"
"X89101_s_at","lightsteelblue1"
"X66276_s_at","green"
"X66894_s_at","darkorange2"
"Z25521_s_at","lightpink4"
"X82206_s_at","antiquewhite4"
"Z49825_s_at","green"
"Z69043_s_at","lightcyan1"
"X90846_at","green"
"X98534_s_at","honeydew1"
"Z11899_s_at","green"
"Z35402_rna1_s_at","palevioletred3"
"D83174_s_at","blue"
"K02882_cds1_s_at","blue"
"M36430_s_at","honeydew1"
"M95936_s_at","darkgrey"
"S82297_at","brown"
"X89399_s_at","lightsteelblue1"
"S77582_at","green"
"HG2147-HT2217_at","green"
"HG3991-HT4261_r_at","orange"
"HG4557-HT4962_at","lightcyan"
"HG4557-HT4962_r_at","green"
"L11672_at","green"
"L11672_r_at","lightcyan"
"M21388_r_at","green"
"M55422_at","antiquewhite4"
"U57341_r_at","antiquewhite4"
"X98482_r_at","green"
"U34301_r_at","green"
"HG2148-HT2218_f_at","grey"
"HG3236-HT3413_f_at","salmon"
"HG3597-HT3800_f_at","lightcyan1"
"HG688-HT688_f_at","brown4"
"J02982_f_at","blue"
"J03801_f_at","yellowgreen"
"L49173_f_at","green"
"L49219_f_at","darkolivegreen"
"M19045_f_at","yellowgreen"
"X14008_rna1_f_at","darkmagenta"
"X59244_f_at","antiquewhite4"
"D49728_at","blue"
"D87017_cds3_at","lightcyan"
"HG1980-HT2023_at","mediumorchid"
"HG2149-HT2219_at","coral1"
"HG3636-HT3846_at","green"
"HG4108-HT4378_at","antiquewhite4"
"HG4593-HT4998_at","lightcyan"
"HG881-HT881_at","green"
"J05412_at","lightsteelblue1"
"K03431_cds1_at","green"
"L05187_at","green"
"L13740_at","brown"
"M10942_at","salmon"
"M10943_at","green"
"M13485_at","antiquewhite4"
"M21539_at","lightsteelblue1"
"M30838_at","lightcyan1"
"M31523_at","lightcyan"
"M31932_at","lavenderblush3"
"M36072_at","brown"
"M92642_at","tan"
"M99439_at","green"
"U12140_at","darkolivegreen"
"U19765_at","grey"
"U25975_at","brown4"
"U27460_at","paleturquoise"
"U28014_at","mediumorchid"
"U49441_at","green"
"U66061_cds3_at","green"
"U66077_at","lightpink4"
"U76388_at","honeydew1"
"U92027_at","lightsteelblue1"
"X01703_at","brown4"
"X16546_at","lightcyan1"
"X17093_at","grey"
"X69115_at","brown4"
"X69654_at","lightcyan"
"X72475_at","orange"
"X90530_at","tan"
"X98296_at","antiquewhite4"
"Z30643_at","tan"
"Z80783_at","green"
"Z80787_at","lightcyan"
"Z83336_at","red"
"D17427_at","green"
"L08904_at","green"
"L32961_at","green"
"L37112_at","coral1"
"M24069_at","darkorange"
"M36634_at","green"
"M64752_at","salmon4"
"U01337_at","lightcyan"
"U01828_at","grey"
"U04241_at","grey"
"U09587_at","antiquewhite4"
"U14187_at","green"
"U20499_at","green"
"U35234_at","green"
"U47677_at","green"
"X06318_at","salmon"
"X12953_at","lightcyan1"
"X51345_at","orange"
"X52889_at","green"
"X78711_at","grey"
"X98253_at","antiquewhite4"
"Y00477_at","green"
"Z86000_at","grey"
"M27749_at","darkolivegreen"
"M34516_r_at","darkorange2"
"U88898_r_at","green"
"D32129_f_at","green"
"D38437_f_at","green"
"D38498_f_at","green"
"HG1515-HT1515_f_at","green"
"HG2915-HT3059_f_at","salmon4"
"HG2917-HT3061_f_at","yellowgreen"
"HG4490-HT4876_f_at","green"
"J00212_f_at","blue"
"K02405_f_at","darkorange"
"L02326_f_at","brown4"
"L05188_f_at","green"
"L18877_f_at","green"
"L42583_f_at","green"
"L42601_f_at","green"
"L42611_f_at","tan"
"M33600_f_at","lightsteelblue1"
"M37755_f_at","green"
"M60750_f_at","green"
"M90356_f_at","green"
"U10690_f_at","green"
"V01516_f_at","paleturquoise"
"X13930_f_at","lightcyan"
"X53065_f_at","antiquewhite4"
"X97444_f_at","green"
"X00351_f_at","antiquewhite4"
"X01677_f_at","brown"
"M31667_f_at","green"
"L41268_f_at","green"
"HG658-HT658_f_at","lightcyan"
"M94880_f_at","green"
"X03068_f_at","lightsteelblue1"
"U88902_cds1_f_at","green"
"D64015_at","lightcyan"
"L78833_cds4_at","green"
"M21064_at","lightcyan"
"M93143_at","green"
"U29175_at","lightcyan"
"U48730_at","green"
"U58516_at","green"
"X06956_at","green"
"X83863_at","lightcyan"
"Z17240_at","lightcyan"
